id,easeOfAssembly,valueForMoney,productQuality,appearance,worksAsExpected,overallRating,createdAt,iRecommendThisProduct,header,body
0,4,2,3,1,3,2,Tue Apr 14 2020 10:31:57 GMT-0700 (Pacific Daylight Time),false,totam enim maiores,Et qui provident nihil. Omnis modi quis. Similique facilis consectetur est voluptatibus perferendis et libero temporibus esse. Tempore sit animi temporibus voluptatem eligendi fugiat explicabo excepturi.ΣIpsa voluptatem non eum id nostrum nostrum. Suscipit eos impedit facere sunt est optio voluptas. Ex sit id laudantium perspiciatis fugiat. Nesciunt totam provident quaerat doloribus aperiam nisi maxime suscipit.ΣDolore aut molestias dolorem. Eligendi ratione maxime in sint nam explicabo incidunt. Quibusdam quis id temporibus. Quis in in mollitia qui. Tempora repellendus et pariatur corporis laborum. Quaerat aut nesciunt molestias illo tenetur dignissimos.Σ
0,5,2,2,1,3,2,Thu Oct 15 2020 21:20:11 GMT-0700 (Pacific Daylight Time),false,alias ut vero,Et voluptatum rerum et velit eveniet corrupti id dolore. Est error consequatur officiis earum in qui officia. Odio sit optio qui quo nulla quia ut quam. Nam pariatur aut.ΣQuaerat optio ea molestias qui dolores et cumque necessitatibus quod. Dolores labore occaecati dolores aspernatur. Doloremque repellendus est eum suscipit. Vitae qui qui. Illo et sit nam blanditiis cum unde corporis. Esse laudantium numquam rerum est iste ut non dolorum.ΣVoluptatem similique officia ut temporibus. Non a eum expedita quia. Aut excepturi voluptates ipsam quaerat adipisci. Deserunt earum est minus aut deserunt pariatur vero eveniet.Σ
0,4,4,4,4,5,3,Sat May 16 2020 14:48:46 GMT-0700 (Pacific Daylight Time),false,est temporibus id,Qui autem impedit velit ut. Quia omnis nihil numquam soluta et sit. Dicta excepturi omnis velit excepturi accusantium natus consequatur. Quas minus eaque cum debitis est.ΣNostrum eligendi iste eaque aspernatur id voluptas neque. Pariatur quae nulla voluptas officiis ea blanditiis laudantium sint. Similique eligendi vitae consequuntur in expedita. Eos inventore distinctio sed pariatur soluta culpa id.ΣProvident sint placeat. Veniam occaecati est sit. Est enim tenetur sit occaecati dolores ipsum. Aut aperiam ut animi aspernatur. Suscipit qui mollitia. Error cum ea error quia blanditiis.Σ
1,1,3,2,1,1,2,Fri Feb 21 2020 18:35:12 GMT-0800 (Pacific Standard Time),false,et pariatur possimus,Tenetur illum ratione est. Sapiente a placeat ut odio. Natus nam architecto vel qui placeat. Sunt asperiores necessitatibus vero est voluptatem et. Totam esse unde reprehenderit inventore.ΣQuaerat alias optio assumenda voluptatem consequatur sunt ut laborum adipisci. Sunt illum corporis. Odio magni similique. Officia earum voluptas maiores suscipit enim ut cupiditate et. Maiores nihil iure mollitia quod nostrum ut esse incidunt. Facilis quia numquam perspiciatis.ΣEligendi necessitatibus aspernatur voluptatibus ducimus nulla hic architecto. Cupiditate et magni. Nesciunt et aliquid expedita quisquam dolorum id hic deleniti sint. Dolorum excepturi pariatur quidem occaecati enim.Σ
1,5,1,4,2,3,3,Wed Dec 18 2019 09:05:27 GMT-0800 (Pacific Standard Time),true,ut incidunt qui,Magnam qui non nihil est omnis et. Qui at tempore quos aspernatur nisi. Ullam fuga facilis deleniti illo ut sed. Sed natus nihil qui tempore excepturi esse et. Animi quaerat minus dolores maiores neque laborum.ΣQuia atque expedita odio quod ullam debitis nam voluptatem. Quibusdam commodi est occaecati. Voluptatum aliquam quos. Tempore ut quo itaque aliquam quia et deserunt cum. Placeat iste omnis quas et enim sunt quia animi earum.ΣQui aut cum iste est aut omnis error sed soluta. Architecto quis ea perferendis aspernatur. Dolorum ipsum delectus et exercitationem consequatur. Vitae est nisi cum ducimus. Doloribus sunt minus libero rem quam ducimus velit.Σ
1,5,2,1,2,1,2,Fri Jun 19 2020 01:18:28 GMT-0700 (Pacific Daylight Time),false,pariatur pariatur dolore,Reiciendis harum quos perferendis est ea excepturi. Incidunt id qui. Cupiditate occaecati corrupti qui temporibus autem hic voluptatem consequatur soluta. In temporibus deserunt qui omnis architecto. Perferendis dignissimos neque aut velit et a sed. Doloribus beatae ut id hic harum excepturi.ΣAut fugiat ut ducimus ut nam sequi autem esse magni. Perspiciatis fuga dignissimos perspiciatis voluptatem est dolorem dignissimos. Quaerat est omnis facilis. Exercitationem sequi laboriosam.ΣDucimus nostrum a eum harum adipisci soluta aspernatur. Odit rerum rerum. Occaecati dolore quasi rerum debitis quis eum repellat accusantium adipisci. Eum laborum dignissimos iure. Aliquam est dolor pariatur minima deserunt voluptas praesentium.Σ
1,1,4,5,2,5,2,Sun Sep 13 2020 19:02:47 GMT-0700 (Pacific Daylight Time),true,sit dolor qui,Non qui omnis quaerat ducimus rerum. Fugiat earum dicta. A exercitationem error odit quo assumenda doloremque dolores quae eaque.ΣEt quasi ipsum sint aut aliquid. Molestias rerum voluptatem delectus impedit ducimus. Placeat est vel deserunt repellendus. Nobis ad qui natus repudiandae est quidem eaque officiis voluptate.ΣRem quia eos sint quo repellendus molestiae facilis ad. Sunt soluta dolor. Molestiae et qui aut.Σ
1,4,3,2,2,1,2,Sat Dec 28 2019 03:44:21 GMT-0800 (Pacific Standard Time),true,magni sint labore,Voluptatem aliquid expedita. Magni corrupti nisi et qui dolor eligendi et. Vel doloribus id rerum harum expedita molestiae sit. Mollitia non delectus illum. Aut alias voluptatibus. Ratione neque quibusdam fugit et ex minus.ΣAccusamus recusandae culpa totam qui ab. Occaecati vel ullam voluptatum. Sed laboriosam quo officiis doloribus distinctio cupiditate illo placeat odio.ΣMagnam iste et officia harum est asperiores impedit alias. Veniam debitis architecto culpa eaque quos. Est et non adipisci modi dolorem aspernatur sed quas accusamus. Nisi omnis sapiente qui magnam.Σ
2,4,3,1,5,2,3,Sat May 09 2020 04:18:18 GMT-0700 (Pacific Daylight Time),true,dolorum praesentium sed,Vitae ducimus nesciunt impedit. Autem iste accusamus eos placeat blanditiis. Provident possimus facere modi id tempore. Laborum a quia quis et. Hic ut optio dignissimos expedita. Voluptates sit inventore magnam odio quo temporibus.ΣOfficiis blanditiis culpa ut rem possimus qui. Iure mollitia pariatur voluptatum et voluptate ratione voluptatibus enim. Molestiae doloremque quam ullam.ΣAccusantium id ducimus sunt autem illum molestiae temporibus mollitia voluptatem. Fuga temporibus dignissimos. Est voluptas odio dolorem. Corporis qui aspernatur et ducimus ab qui.Σ
2,4,4,3,3,4,3,Sun Oct 20 2019 05:00:56 GMT-0700 (Pacific Daylight Time),true,ut eius incidunt,Omnis soluta assumenda aut illo magnam quis velit. Eum et in laudantium rerum vero iure hic neque fugit. Et autem fuga eum et ipsa in aliquid esse esse. Molestiae praesentium a sit error qui.ΣSit molestiae esse laborum aspernatur vel repellat amet est quia. Et id repellat. Corporis inventore itaque. Quae et vitae ipsa ut doloribus molestias nobis asperiores. Ullam rerum est qui qui distinctio.ΣDolores commodi quia vero molestiae ut esse. Autem corporis temporibus odit quos. Voluptatem dolores est quia sunt corporis doloribus saepe consequuntur eos. Veniam molestias qui minima autem.Σ
2,3,1,3,1,3,2,Wed Aug 26 2020 13:03:25 GMT-0700 (Pacific Daylight Time),true,eos similique hic,Quisquam ut nobis. Harum eligendi numquam. Veritatis quisquam ut architecto voluptatibus dolorem. Sed dolores et voluptatibus sit rerum.ΣPorro at inventore accusamus aliquam hic optio porro ut quod. Ut sint consequatur non. Omnis sed occaecati rerum aperiam quis.ΣCumque quia beatae maxime facere ut. Voluptatem expedita soluta qui quo nihil mollitia rerum sed. Maiores sit occaecati iusto corrupti similique.Σ
2,5,2,1,4,1,3,Sat Jun 13 2020 03:22:53 GMT-0700 (Pacific Daylight Time),false,qui optio quidem,Labore voluptatem est aut voluptate eaque enim quia. Est quis temporibus dolores est ipsam labore. Sequi corporis asperiores qui. At vitae voluptatem aut ad totam porro perferendis alias cum. Porro et tempora nihil quis. Ea sit alias earum sunt minima.ΣEt odio sequi molestias repellendus et. Natus quia quod perferendis tempora. Voluptatem explicabo blanditiis sunt et eveniet fugit accusamus rerum.ΣAd laboriosam voluptatem. Labore in suscipit sunt optio sed non ut. Dolor enim similique a harum quos fuga eaque. Repudiandae mollitia eaque sapiente.Σ
2,5,5,1,5,2,4,Wed May 06 2020 18:46:52 GMT-0700 (Pacific Daylight Time),false,asperiores eum natus,Ut ea harum. Fugit accusamus consectetur ullam. Sunt excepturi id placeat qui. Et natus neque corporis porro quia. Qui blanditiis et iusto enim et.ΣEveniet vitae quidem sint commodi qui quia. Ipsum architecto hic rem eaque qui eos maxime. Saepe aperiam dolores quia in quis. Sunt magnam quo neque at et libero labore eos quo. Natus officiis tempore nulla ducimus impedit sint molestiae. Autem quidem sunt.ΣEt qui similique qui voluptatum voluptatem cumque. Esse nihil debitis quia accusantium. Aperiam quam voluptas aut dolorem id laboriosam vel. Maxime dolorem et molestiae et quibusdam quos nulla nesciunt.Σ
2,2,1,5,3,2,1,Fri Mar 13 2020 17:32:59 GMT-0700 (Pacific Daylight Time),true,recusandae hic iure,Corrupti eius vitae dignissimos incidunt perferendis quos. Veritatis enim soluta mollitia. Id amet mollitia repellendus rem fugit error qui porro.ΣPraesentium corporis corrupti consequatur et ducimus provident voluptas ea voluptas. Numquam officia eius placeat. Dolores similique corporis. Libero doloribus ex dolores maxime laboriosam quidem odit. Quo non eum repellat error dolorem deserunt. Inventore repudiandae soluta rem asperiores tempora voluptatem.ΣFuga rerum laborum. Vero ea doloribus asperiores consequatur dolores neque. Sit numquam ipsa quia. Minima et earum alias doloremque id neque nemo corporis vero. Tenetur quia sint placeat delectus vel deleniti. Officiis facilis totam rem temporibus iusto dolores tempore.Σ
2,4,5,4,1,4,3,Thu Sep 10 2020 11:27:15 GMT-0700 (Pacific Daylight Time),false,modi ut quidem,Dolore possimus molestiae consectetur tempore nesciunt eius dolor sint. Quos fugiat expedita. Beatae et ut repellat voluptatem. Rerum officiis repudiandae eius impedit tenetur cumque. Odio dignissimos incidunt cumque unde libero distinctio. Ut nisi non similique deserunt eveniet nam beatae.ΣAperiam quasi reiciendis nam. Doloribus mollitia praesentium. Ipsum repudiandae dolores enim laboriosam sunt harum iure ut. Inventore harum error dicta non occaecati.ΣMagni maiores sed quia. Reprehenderit reiciendis unde explicabo voluptatem et asperiores sed. Ducimus commodi assumenda optio fugit in iste ut atque. Ex et quos.Σ
2,2,3,3,4,1,2,Fri May 08 2020 14:10:29 GMT-0700 (Pacific Daylight Time),false,eligendi dignissimos occaecati,Enim sit quidem necessitatibus reprehenderit aut officiis saepe tempora vero. Quibusdam in perspiciatis aut aut. Facilis tempore rerum officiis est enim officia. Et minus aperiam ipsum et eos quidem quos. Animi non ab consequatur ut ea quo neque. Omnis architecto ut qui nisi et quia.ΣRem quia assumenda temporibus est rerum molestiae ut. Et et et voluptates ea animi pariatur neque et. Ut odio eaque dicta necessitatibus earum corporis. Nisi earum voluptatem corrupti.ΣIpsum qui consequuntur explicabo ullam exercitationem sint sed et. Iure dignissimos facere. Quisquam facere maxime neque nostrum sint officiis natus ea. Et magnam quo qui excepturi nam.Σ
2,2,4,1,3,3,2,Thu Jan 02 2020 14:19:48 GMT-0800 (Pacific Standard Time),true,similique est laborum,Et et temporibus ea molestias est magni neque magni. Quam illum quae ut voluptas nobis. Voluptate unde eveniet quia quasi quos autem eius qui. Aut doloribus quibusdam quidem explicabo. Tenetur similique laborum dignissimos optio explicabo voluptates. Perferendis at et iste vitae non tempore sed molestiae eius.ΣSaepe sit harum. Vitae sed dolores at sint maiores sed quia. Molestias aut omnis illo odit. Reprehenderit facere fugit tenetur.ΣCupiditate voluptate quisquam ab. Maiores possimus qui magnam perspiciatis numquam incidunt hic. Similique tempore id eum aliquid est in. Natus magnam optio.Σ
2,5,1,1,4,4,3,Tue Jun 16 2020 18:15:18 GMT-0700 (Pacific Daylight Time),true,repellendus est nostrum,Aut est ipsum et totam. Nihil ducimus omnis velit. Quod praesentium non sunt pariatur fugit odio consequuntur. Inventore quis sed fugiat possimus aut ducimus. Itaque dolorum voluptas iste doloremque quia.ΣQuia aut molestiae quae. Vel natus autem veniam ullam velit doloremque. Voluptatem ullam ut et error doloribus qui temporibus libero. Itaque non sed explicabo dolor minus autem doloribus et et.ΣNam quo dicta eius. Quia dolore quas neque esse quod et a. Ipsam illum et non aut. Tempora qui deleniti. Ad corrupti ullam dolorem numquam et incidunt laboriosam tempora. Nihil qui sapiente provident aperiam.Σ
4,5,4,2,1,2,3,Thu Sep 10 2020 15:07:12 GMT-0700 (Pacific Daylight Time),true,et libero aspernatur,In dolores voluptatum et autem rem doloribus delectus. Eius facilis aliquam quas accusamus natus libero occaecati. Autem recusandae itaque.ΣAdipisci autem ut corrupti exercitationem quasi qui consequuntur. Culpa qui suscipit qui rem molestias aliquid libero. Reprehenderit officia ducimus qui eum.ΣExcepturi iusto voluptates qui qui delectus tempore doloremque eligendi. Aut nihil eum. Excepturi eum ratione est et.Σ
4,5,4,3,5,4,4,Fri Dec 06 2019 09:43:22 GMT-0800 (Pacific Standard Time),true,reiciendis illum eum,Cumque quam voluptatem labore. Voluptas id repellat. At voluptas eos qui sed qui. Maxime consectetur consequuntur a recusandae. Quia quo aut hic ut sit repudiandae ad incidunt. Illum iste iure facilis corrupti aut in pariatur odio autem.ΣOdio et voluptatum mollitia corrupti temporibus. Qui harum ut quisquam qui et et eos. Fuga quae laboriosam quia iure voluptatem. Velit vero nulla culpa enim et aspernatur at voluptatem.ΣIure est recusandae provident eius eligendi amet necessitatibus aperiam quisquam. Sunt modi molestias distinctio officiis doloremque amet. Aliquam recusandae sit porro aut repellat distinctio. Asperiores occaecati voluptatem expedita suscipit minus quisquam impedit delectus est. Aut consequuntur ullam qui omnis eveniet quod labore. Officia occaecati qui voluptatibus quaerat dolores aut at.Σ
4,3,1,5,5,4,3,Mon Jul 13 2020 10:43:59 GMT-0700 (Pacific Daylight Time),false,architecto qui dolore,Dolorem dicta eos eaque modi ut blanditiis iusto nam. Minus eveniet iste aut blanditiis. Exercitationem commodi necessitatibus provident porro ab recusandae. Accusantium ex voluptatem rerum earum.ΣDelectus voluptatem vero in qui. Illo voluptatem iusto tenetur quia nulla vel. Quod dignissimos adipisci consequatur minus fuga perspiciatis. Assumenda odio et. Est at molestias quia natus cum. Qui asperiores cum quia est ut sit placeat.ΣLaborum repellat distinctio iure. Illum a ut repudiandae itaque omnis. Tempora aut rerum temporibus aperiam quo tempora non nobis labore. Consequatur nihil itaque eos provident quis iure magni unde nihil.Σ
4,4,5,3,2,2,2,Mon Feb 03 2020 01:56:01 GMT-0800 (Pacific Standard Time),false,eius molestias quidem,Velit esse voluptatem. Repellat magnam voluptatem est labore hic adipisci sed animi animi. Vitae commodi qui commodi iste quis sint aut suscipit. Et laboriosam ab eos dolor quis libero molestiae. Commodi minus ipsa natus sit iste nam sint voluptatem. Illo et dolores ut quibusdam.ΣCupiditate dicta odit. Non recusandae quis aut. Perferendis repellendus sint recusandae officiis vel velit sunt.ΣQuaerat repudiandae provident consequatur esse possimus eaque vel recusandae fugit. Ipsum sunt eligendi quo excepturi ad. Harum quia fugit minima omnis ducimus sit velit. Voluptatem modi deleniti ut sed.Σ
4,1,1,5,2,2,1,Fri Mar 27 2020 03:12:01 GMT-0700 (Pacific Daylight Time),true,saepe rem ad,Nisi modi voluptatem voluptatem quis. Voluptatem inventore ullam culpa est quaerat totam. Dolore officiis rerum enim ullam minima deleniti maxime. Est omnis nihil aspernatur aliquam minima voluptas.ΣAnimi quaerat atque. Aliquam temporibus ea officia aut molestiae. Enim suscipit illum praesentium eos doloremque repellat. Quia fugiat est ut totam tenetur sint veniam fuga. Ab ut et corrupti et.ΣOmnis qui et aut. Vel aliquam eligendi. Reiciendis modi ipsum quo omnis ullam consequatur sit corrupti impedit. Tempore facere ducimus perferendis sit est itaque dolorem earum.Σ
4,5,4,2,1,4,3,Thu Feb 27 2020 06:05:53 GMT-0800 (Pacific Standard Time),false,vero ullam cumque,Ut ad voluptatem porro pariatur quibusdam sit suscipit voluptatem. Iste iure repudiandae cumque et. Quod sunt illum. Quibusdam doloribus porro voluptatibus.ΣEt esse doloribus tenetur voluptatum fugit aspernatur ipsam magni. Recusandae aut explicabo debitis non. Dolore iusto cupiditate.ΣAt voluptas ut. Necessitatibus repudiandae vel magni ut nihil quo eaque blanditiis. Praesentium ut et cum dolor mollitia ut enim deserunt. Consectetur et officia molestiae eum harum rerum maxime voluptas. Impedit iure rerum magnam et quae veniam quam et.Σ
4,2,5,2,3,5,3,Fri May 15 2020 09:20:28 GMT-0700 (Pacific Daylight Time),false,ipsam earum veniam,Voluptates quo est inventore explicabo architecto iusto. Officiis ipsum neque laboriosam expedita modi. Fugit in error eum qui dolore et. Velit corporis voluptate non ut. Illo laudantium animi.ΣError laudantium occaecati nostrum et quia eaque reprehenderit vel. Dolor cum voluptate ut voluptas possimus neque asperiores. Atque provident ea. Vel non praesentium suscipit quisquam accusamus qui suscipit alias quia. Eos alias enim reprehenderit.ΣExpedita dicta aliquam. Et veritatis a ipsam doloribus dolor molestiae sint rem. Sunt eum quo. Possimus neque fugit quis nesciunt nobis. Aspernatur ipsum et voluptatem recusandae ea ipsa natus enim itaque. Saepe placeat placeat iste et impedit cumque impedit.Σ
5,4,5,3,5,2,4,Tue Dec 31 2019 13:53:27 GMT-0800 (Pacific Standard Time),true,omnis perspiciatis et,Veritatis facere enim. Minus id id possimus ea maxime. Sapiente et suscipit est sed et delectus velit quia beatae. Commodi ut earum dolorem hic voluptatem. Possimus et hic placeat omnis quo corrupti soluta commodi.ΣSaepe voluptatem mollitia nihil voluptatem. Pariatur et sequi minima vel facilis quia. Aliquid aut sapiente sed alias qui ipsam. Et dolor reprehenderit et dolor.ΣAlias ut nihil accusantium magnam cum facilis. Mollitia optio velit dolor fugiat vel. Error pariatur quos sed repudiandae tempore eos qui minima. Porro recusandae sunt ut.Σ
5,1,2,2,3,3,2,Fri May 01 2020 20:29:05 GMT-0700 (Pacific Daylight Time),true,minima odit eveniet,Aut provident velit. Exercitationem molestiae animi. Ipsam fugiat doloremque. Qui ut ut adipisci iure voluptates voluptas voluptatem. Ullam culpa itaque non velit amet. Reiciendis earum aperiam.ΣEt nam molestiae odit. Est aliquid omnis mollitia nihil doloremque voluptas. Sunt molestiae dolorum ex eum consequatur modi natus exercitationem voluptatibus. Voluptatem corrupti quis. Laudantium animi inventore vero exercitationem dolorem qui.ΣTempora aspernatur id aspernatur natus. Veritatis quis iusto aut nemo. Cupiditate quidem ut quia minus at officia.Σ
6,5,2,1,5,5,4,Fri Feb 21 2020 08:08:52 GMT-0800 (Pacific Standard Time),false,cumque voluptatem fugiat,Perspiciatis debitis possimus maxime maxime ut. Rerum enim fugit non blanditiis nesciunt. Necessitatibus qui officia dolor ut sit. Inventore omnis sit aperiam est dignissimos. Ut omnis voluptates aut debitis velit.ΣLaborum doloremque id sequi quo mollitia cumque. Doloremque eaque optio est sit et illum temporibus. Libero quia repellendus dicta harum sint.ΣOptio occaecati officiis. Sit odio aut id tempore rerum. Voluptas distinctio sit nemo alias eligendi ullam ab. Omnis recusandae voluptatem saepe omnis rerum deleniti. Minima minima assumenda unde voluptates architecto libero.Σ
6,5,4,4,3,1,3,Wed Oct 14 2020 10:18:47 GMT-0700 (Pacific Daylight Time),true,ullam facere similique,Et aliquam voluptas. Tempore laudantium fugit autem quidem est neque iusto et. Saepe voluptatem pariatur vero enim sed. Rerum facilis consequuntur.ΣAd consequatur consequuntur placeat ut exercitationem esse eaque nulla in. Nam aliquam et ipsum voluptatibus. Animi officia voluptate voluptatibus voluptatum earum mollitia rerum. Illo necessitatibus iure. Ducimus qui ipsum libero magni voluptatibus.ΣUt dolore sed dolores enim. Non est corporis sapiente esse maiores ducimus eaque. Soluta est ipsa qui. Explicabo illo veritatis et. Reprehenderit alias et voluptatum voluptas asperiores sapiente magnam. Veritatis quidem dolor.Σ
7,4,3,5,5,2,3,Sun Mar 08 2020 01:32:53 GMT-0800 (Pacific Standard Time),false,velit quod praesentium,Quae autem consectetur nemo explicabo assumenda et dolorum commodi voluptas. Quos amet in laborum labore soluta nesciunt eum cumque rerum. Consequatur dolorem qui accusamus. Rerum ut harum.ΣNon omnis esse doloremque molestiae aperiam non ex. Eum architecto at mollitia ut aspernatur. Eius vel cumque expedita accusamus eos aut non corrupti assumenda.ΣMinima et id. Consequuntur sunt et quisquam nobis sint perspiciatis numquam. Esse quia itaque natus provident. Ut aut modi ratione officia.Σ
7,2,2,1,1,1,2,Sun Oct 04 2020 20:37:54 GMT-0700 (Pacific Daylight Time),true,repellat iure ut,Eum accusamus recusandae quibusdam voluptate rerum ad voluptatem culpa. Culpa architecto aut totam sed et laborum aspernatur. A dolorem voluptas deserunt maxime blanditiis voluptas. Sed architecto at qui officia accusamus mollitia nihil recusandae. Officiis totam id totam dicta magni.ΣNon laborum laudantium distinctio optio et aliquam omnis aut nemo. Inventore sed culpa adipisci illum odit. Ab et dolore vero iusto corrupti.ΣQui magnam sequi et a temporibus aut consequuntur ea deserunt. Repellat placeat sed nemo sunt aut vel deleniti. Numquam labore corrupti similique qui vel eveniet et repudiandae animi.Σ
7,2,4,2,2,5,3,Mon May 04 2020 06:39:20 GMT-0700 (Pacific Daylight Time),true,velit alias et,Velit voluptatem illum. Voluptatem temporibus asperiores et. Debitis autem atque ipsam nesciunt voluptates sint et. Quod unde laboriosam rerum sit.ΣPerferendis omnis inventore pariatur fugit. At voluptate maxime ut eaque. Aut est rerum iusto molestiae consequuntur. Aut eius placeat dignissimos excepturi voluptas alias sed culpa.ΣDeserunt illum temporibus voluptatem. Laborum ipsam a excepturi consequatur quis tempore molestias laborum rerum. In magnam quae et repudiandae in ut atque ut. Quia qui rem. Quas necessitatibus necessitatibus ut velit aut delectus reprehenderit eligendi culpa.Σ
7,1,2,5,4,3,3,Sat Aug 22 2020 22:36:12 GMT-0700 (Pacific Daylight Time),true,eligendi voluptatem non,Et rerum eum quae. A eos velit ab quidem enim dolores maiores. Modi veritatis rerum. Et est sit quidem aut ipsam. Voluptas repudiandae ut.ΣMinima quia nam minima neque. Ut sapiente qui non et. Voluptates exercitationem at. Officia cupiditate ut velit. Sapiente ut quo.ΣDolores perspiciatis perferendis magnam. Assumenda sequi et dolorem eum. Ut et illo et repellendus quia eum. Animi provident hic aut in. Alias odit quisquam nam quia beatae iste soluta similique assumenda.Σ
7,4,4,5,5,3,3,Thu Oct 17 2019 19:07:28 GMT-0700 (Pacific Daylight Time),true,veniam ut aut,Dolor mollitia ea. Officia est voluptas est quia quis provident error nobis. Nisi sed asperiores. Eum debitis explicabo totam. Sunt non dolor. Error sed dignissimos aut nemo necessitatibus labore.ΣCum id corrupti modi. Nulla cupiditate rerum non totam sed ipsam doloremque aut. Enim est consectetur quaerat quibusdam facere blanditiis sapiente corporis accusantium. Tempore sit dolore est facilis et atque soluta ducimus.ΣAutem officiis in ea sunt. Voluptatem enim aliquam et qui cupiditate sit pariatur. Et laboriosam qui debitis ad a odit cum. Consectetur accusantium ut aspernatur.Σ
7,3,1,4,2,2,1,Wed Aug 05 2020 17:24:44 GMT-0700 (Pacific Daylight Time),false,eum laboriosam velit,Nihil facilis tempora aut totam repellat ut est. Officiis soluta porro. Deserunt ducimus consequatur.ΣVel aut est aut praesentium quo eius. Illum possimus sunt ea consequatur dolores. Aut eos sit reprehenderit ea eum libero quis accusantium quibusdam. Sunt perspiciatis eius voluptas. Quo omnis alias et dolores quisquam qui aut qui sed. Hic nemo repudiandae quibusdam quia alias pariatur perspiciatis exercitationem.ΣTempore voluptate in. Molestiae necessitatibus animi delectus libero. Expedita odio officiis ea qui quis qui iusto nobis. Ratione rerum numquam aut ut aut et dolores.Σ
7,5,3,5,5,1,3,Sun Apr 19 2020 06:04:23 GMT-0700 (Pacific Daylight Time),true,voluptas et explicabo,Eum dolore officiis sed et. Minima et nihil. Molestiae sint sit eaque aperiam nesciunt. Occaecati quia eum molestiae.ΣCorrupti recusandae qui. Aut molestias sunt eum. Tempora ut et dolor ut quos dolorem qui unde enim. Qui et perferendis optio accusamus voluptate. Qui eius dolorum aperiam repellat. Delectus eos et aspernatur adipisci qui iste et aut.ΣVoluptatem dolorum sunt tenetur perspiciatis. Eius voluptatem unde aut cupiditate magni rerum et. Voluptatibus deserunt qui dolor laborum pariatur aut excepturi. Ut voluptatem voluptas aliquam ea dicta consequatur aut. Voluptatibus cumque sed modi quae voluptatem aut quia eum. Eum sint quam itaque voluptas inventore non ex.Σ
7,1,4,5,4,1,2,Fri Jun 12 2020 04:37:32 GMT-0700 (Pacific Daylight Time),true,est fugiat ut,Dicta maiores qui eius maxime aut omnis. Sequi qui totam laborum autem expedita laboriosam. Reiciendis repellendus dolorem sint qui facilis et quo unde.ΣAsperiores voluptatibus corporis blanditiis veritatis rerum dolores sed placeat. Cumque totam hic exercitationem. Impedit asperiores repudiandae autem.ΣVoluptatem ipsam maiores quia nesciunt aliquid aliquid qui. Nesciunt a et sed iusto. Et dolor esse voluptas quisquam sit. Dolore est optio eligendi aut dolorum perspiciatis. Eligendi quos in odit temporibus in.Σ
7,1,4,3,2,4,2,Sun May 31 2020 05:12:38 GMT-0700 (Pacific Daylight Time),false,est repudiandae voluptatum,Sit et unde laborum qui atque laudantium unde voluptas quas. Et facilis earum vel maiores culpa cum ab. Et minima possimus sed illum eos nemo aut omnis.ΣRatione eius officia qui velit. Dicta ex ea quasi nesciunt ut molestiae enim. Officiis aliquid magnam accusamus consequuntur aut eos ex. Doloribus accusantium dolor nemo id reprehenderit.ΣEa et molestias voluptas sint labore molestiae. Iusto molestiae at non asperiores cupiditate distinctio quam ut quisquam. Eligendi at voluptate veritatis cum delectus voluptates doloribus. Rem enim repellat aut.Σ
7,1,2,1,2,1,2,Wed Aug 26 2020 18:58:15 GMT-0700 (Pacific Daylight Time),true,quis non et,Sed in animi. Et officiis eos illum. Totam quod ut est odio.ΣSaepe perferendis enim minima. Aliquid amet autem est consequatur fuga. Ut doloribus officiis repellat quaerat.ΣFugiat quisquam omnis ullam commodi quia dicta tempora. Asperiores ipsum ut magnam sunt. Molestiae doloremque provident qui. Officiis voluptatem dolores provident facilis.Σ
7,3,2,3,2,1,2,Mon Dec 30 2019 08:28:30 GMT-0800 (Pacific Standard Time),true,veniam culpa modi,Quaerat odio quia. Dolorum libero nisi magnam velit. Autem quia sapiente aut.ΣEst minima totam eum est consequatur architecto. Et perferendis dolorum voluptatem eos voluptates incidunt praesentium ut quo. Vel debitis optio eos ex unde commodi at molestias.ΣOccaecati optio laudantium temporibus rem dolore et vero. Sit veniam dolores et aperiam occaecati. Voluptas beatae enim id eius repudiandae corrupti quidem placeat eos. Et dicta quam voluptatem aliquam. Qui sed et amet eligendi illo omnis rem.Σ
8,2,4,3,1,1,2,Sat Jul 11 2020 05:55:35 GMT-0700 (Pacific Daylight Time),true,sed ut et,Minus saepe aperiam. Reprehenderit est quisquam dolores a nobis quo eos quod nam. Non commodi deserunt ut.ΣVoluptatem et dolorem aut provident. Accusantium ipsum odit nostrum distinctio. Placeat ratione dolorem eum. Est quidem dolorem maiores iure sit et id minus est. Tenetur deleniti quas quisquam.ΣVel tempore aliquam laudantium odio culpa pariatur deleniti. Veritatis quam esse ut esse fugiat. Odio illo maiores est adipisci fugiat maxime quis.Σ
8,5,4,2,2,3,3,Mon Sep 21 2020 09:54:40 GMT-0700 (Pacific Daylight Time),false,quasi et molestiae,Sunt voluptate soluta quia ducimus molestiae voluptate culpa. Similique culpa mollitia enim nulla. Asperiores aspernatur totam voluptas autem. Ut sed eum perspiciatis. Aut assumenda odio nisi pariatur sit.ΣNon maxime delectus id quibusdam iure quae facilis molestiae consequatur. Reiciendis quod adipisci et nihil beatae tenetur voluptatem numquam ducimus. Facilis quia illo ad non nobis similique veniam et.ΣExcepturi dolore sit nihil molestiae impedit harum magni aut. Molestiae eum aut in molestiae natus explicabo repellendus aliquid ut. Minima molestiae qui molestiae et. Sit impedit repudiandae voluptatem unde quos.Σ
8,5,2,1,4,4,3,Sat Jan 04 2020 08:35:55 GMT-0800 (Pacific Standard Time),false,non magnam voluptatem,Id rerum iure. Rerum quo sit ipsum qui vel repellat dolores minima atque. Amet illum rerum eum dolorum. Error suscipit omnis sunt eveniet nulla dolor. Enim ab labore corrupti architecto ea totam repudiandae. Sequi voluptatem ut nam eveniet.ΣProvident est in. Voluptatem voluptatem repellat. Natus debitis necessitatibus magni suscipit perspiciatis fuga tempore ullam. Ipsa delectus et molestiae magnam laborum ad repudiandae aut. Reiciendis est rem a recusandae molestiae molestiae.ΣQuia voluptas aspernatur sequi dolore quaerat ut. Consequatur dolorem consequatur voluptates rerum delectus recusandae et molestiae asperiores. Ut minus sint atque reprehenderit optio nesciunt.Σ
9,3,1,2,1,3,2,Sun Dec 15 2019 05:50:58 GMT-0800 (Pacific Standard Time),false,omnis aut molestiae,Tempora minus et corrupti. Sit blanditiis itaque et quam totam. Ut totam qui atque aut facere. Pariatur odio quaerat.ΣEt odit est ab asperiores et quo dolor quas voluptas. Minima voluptas commodi dignissimos omnis repellat dolore. Tempora molestiae amet vel facere ipsa maxime. Nulla sit et natus porro dolor cupiditate recusandae ut. Iste vero totam. Sed saepe eum.ΣAliquid animi repellat ea deleniti qui est aut. Eaque blanditiis autem veritatis qui veritatis. Molestiae ad culpa doloribus labore distinctio aut. Porro consectetur nisi architecto soluta dolorem quaerat recusandae. Quia qui asperiores sed id qui delectus facere harum. Vel explicabo minus quia aperiam.Σ
9,3,3,5,3,1,2,Fri May 29 2020 21:56:29 GMT-0700 (Pacific Daylight Time),false,exercitationem veniam molestias,Modi necessitatibus mollitia aliquam atque natus. Perspiciatis nesciunt temporibus expedita vel adipisci qui qui vel debitis. Similique eos dignissimos sunt aspernatur accusantium dolores. Enim qui sit quasi voluptatibus eos. Voluptas non id eius. Quidem iure sapiente ut aut.ΣDolor aut eius odio et veritatis mollitia. Qui inventore quaerat. Ullam consequatur doloribus praesentium quia aut quibusdam magni dignissimos. Hic ut esse molestiae omnis iusto nihil debitis. Autem rerum adipisci sed.ΣVoluptates est ipsam sapiente odio molestias quia enim sint. Nostrum itaque est culpa dolor et quidem exercitationem delectus sit. Ipsum id accusamus iste ut reiciendis quos officiis ut. Non aut nihil repudiandae fuga nemo dolores. Blanditiis vel rerum quibusdam ut sunt sapiente doloremque ratione. A beatae eveniet molestiae eius.Σ
